{
  "version": 2,
  "buildCommand": "npm run build",
  "installCommand": "npm install",
  "framework": "nextjs",
  "outputDirectory": ".next",
  "regions": ["jnb1"],
  "env": {
    "MONGODB_URI": "mongodb://atlas-sql-67d16ed224b38b4f496d7ef8-paue9.a.query.mongodb.net/POSWMS?ssl=true&authSource=admin",
    "NEXT_PUBLIC_APP_NAME": "Phoenix Online Amalgamated",
    "NEXT_PUBLIC_COMPANY_NAME": "Phoenix Online Amalgamated",
    "NEXTAUTH_URL": "https://v0-poa-phoenix-online-amalgamated-o42fp2r9n-angelus.vercel.app",
    "NEXTAUTH_SECRET": "Phoenix_Cash_Carry_Angelo"
  }
}

